{"cameraMode":{"drawMode":0,"name":"Shaded","section":"Shading Mode"},"sceneLighting":false,"audioPlay":false,"sceneViewState":{"m_AlwaysRefresh":false,"showFog":true,"showSkybox":true,"showFlares":true,"showImageEffects":true,"showParticleSystems":true,"showVisualEffectGraphs":true,"m_FxEnabled":false},"in2DMode":false,"pivot":{"x":0.17633074522018434,"y":3.8109631538391115,"z":4.0892744064331059},"rotation":{"x":-0.024828609079122545,"y":0.9638468027114868,"z":-0.24694077670574189,"w":-0.09690000861883164},"size":1.2247449159622193,"orthographic":false}