{"cameraMode":{"drawMode":0,"name":"Shaded","section":"Shading Mode"},"sceneLighting":false,"audioPlay":false,"sceneViewState":{"m_AlwaysRefresh":false,"showFog":true,"showSkybox":true,"showFlares":true,"showImageEffects":true,"showParticleSystems":true,"showVisualEffectGraphs":true,"m_FxEnabled":false},"in2DMode":false,"pivot":{"x":500.05035400390627,"y":285.09674072265627,"z":23.566204071044923},"rotation":{"x":-0.20728839933872224,"y":-0.00497483043000102,"z":0.0010604577837511898,"w":-0.9782515168190002},"size":103.07764434814453,"orthographic":false}