{"cameraMode":{"drawMode":0,"name":"Shaded","section":"Shading Mode"},"sceneLighting":false,"audioPlay":false,"sceneViewState":{"m_AlwaysRefresh":false,"showFog":true,"showSkybox":true,"showFlares":true,"showImageEffects":true,"showParticleSystems":true,"showVisualEffectGraphs":true,"m_FxEnabled":false},"in2DMode":false,"pivot":{"x":-0.28410089015960696,"y":4.628355503082275,"z":5.7988691329956059},"rotation":{"x":-0.010047806426882744,"y":0.9589530825614929,"z":-0.28127193450927737,"w":-0.03424682840704918},"size":1.2798584699630738,"orthographic":false}