{"cameraMode":{"drawMode":0,"name":"Shaded","section":"Shading Mode"},"sceneLighting":false,"audioPlay":false,"sceneViewState":{"m_AlwaysRefresh":false,"showFog":true,"showSkybox":true,"showFlares":true,"showImageEffects":true,"showParticleSystems":true,"showVisualEffectGraphs":true,"m_FxEnabled":false},"in2DMode":false,"pivot":{"x":0.15533852577209474,"y":1.5049009323120118,"z":1.1124128103256226},"rotation":{"x":-0.024032963439822198,"y":0.9705478549003601,"z":-0.21327435970306397,"w":-0.10935290157794953},"size":1.2247449159622193,"orthographic":false}